"itemid","label"
30001,"Packed RBC's"
30002,"Whole Blood"
30004,"Washed PRBC's"
30005,"Fresh Frozen Plasma"
30006,"Platelets"
30007,"Cryoprecipitate"
30008,"Albumin 5%"
30009,"Albumin 25%"
30011,"Dextran 40"
30012,"Hespan"
30013,"D5W"
30014,"D5/.2NS"
30015,"D5/.45NS"
30016,"Dextrose 10%"
30017,"Dextrose 20%"
30018,".9% Normal Saline"
30020,".45% Normal Saline"
30021,"Lactated Ringers"
30022,"Calcium Chloride"
30023,"Calcium Gluconate"
30025,"Heparin"
30026,"KCL"
30027,"Magnesium Sulfate"
30028,"MVI"
30029,"Potassium Phosphate"
30030,"Sodium Bicarbonate"
30032,"TPN"
30033,"Lipids"
30034,"Water"
30036,"Ensure"
30046,"Isuprel"
30051,"Vasopressin"
30052,"Procainamide"
30053,"Cell Saver"
30054,"Pre-Admission Intake"
30055,"Cath Lab Intake"
30056,"Po Intake"
30057,"Supplement"
30058,"Free Water Bolus"
30059,"GT Flush"
30060,"D5NS"
30061,"D5RL"
30062,"CO Fluid"
30063,"IV Piggyback"
30065,"Sterile Water"
30066,"Carrier"
30067,"HCL"
30069,"Solumedrol"
30071,"Vivonex"
30072,"Peptamen"
30073,"Impact w/fiber"
30074,"Optimental"
30075,"Deliver 2.0"
30077,"Nepro"
30078,"Respalor"
30080,"Nutrihep"
30081,"Boost"
30082,"Boost Plus"
30083,"Boost High Protein"
30084,"Isocal"
30085,"Isocal HN"
30086,"Ultracal"
30087,"Replete"
30088,"Replete w/fiber"
30090,"Tube Feeding"
30092,"Autotransfusion"
30093,"Factor VIII"
30094,"Other Blood Products"
30095,"TF Residual"
30096,"TPN w/Lipids"
30097,"Aminosyn 3.5%"
30098,"D5 Aminosyn 3.5%"
30099,"PPN"
30101,"OR Crystalloid"
30102,"OR Colloid"
30103,"OR FFP"
30104,"OR Packed RBC's"
30105,"OR Platelets"
30106,"OR Autologous Blood"
30107,"PACU Colloids"
30108,"PACU Crystalloids"
30109,"PACU PO Intake"
30111,"Amicar"
30114,"Cisatracurium"
30117,"Esmolol"
30126,"Morphine Sulfate"
30135,"TPA"
30138,"Vecuronium"
30140,"N/A"
30143,"3% Normal Saline"
30144,"Gastric Meds"
30146,"Aprotinin"
30148,"Narcan"
30150,"Fentanyl Base"
30151,"Ketamine"
30153,"Morphine"
30159,"D5 Ringers Lact."
30160,"D5 Normal Saline"
30161,".3% normal Saline"
30163,"Dilaudid"
30164,"Criticare HN"
30165,"Promote"
30166,"Promote w/fiber"
30167,"Precedex"
30168,"Normal Saline_GU"
30169,"Sterile H20_GU"
30170,"Ampho-B_GU"
30171,"Other_GU"
30172,"Natrecor"
30173,"Argatroban"
30174,"Bivalirudin"
30176,".25% Normal Saline"
30177,"Lepirudin"
30178,"Nicardipine"
30179,"PRBC's"
30180,"Fresh Froz Plasma"
30181,"Serum Albumin 5%"
30184,"IVIG"
30185,".9NS + 1:1 Heparin"
30186,".45NS + 1:1 Heparin"
30187,"D10W"
30189,"D7.5W"
30190,"NS .9%"
30191,"TPN D5.0"
30192,"TPN D7.0"
30193,"TPN D7.5"
30194,"TPN D9.0"
30195,"TPN D2.5"
30196,"TPN D10.0"
30197,"TPN D11.0"
30198,"TPN D12.0"
30199,"TPN D12.5"
30200,"TPN D15.0"
30201,"TPN D17.0"
30202,"TPN D17.5"
30203,"TPN D20.0"
30204,"TPN D22.5"
30205,"TPN D25.0"
30207,"TPN D30.0"
30208,"Lipids 20%"
30209,"Heparin(10 units/cc)"
30210,".9NS flush"
30211,".45NS flush"
30213,"D5W flush"
30214,"D10W flush"
30221,"Br Milk FS NG"
30225,"PE 20 FS NG"
30226,"PE 22 FS NG"
30227,"PE 24 FS NG"
30230,"E 20 3/4s NG"
30231,"E 20 FS NG"
30232,"E 22 FS NG"
30233,"E 24 FS NG"
30237,"E 20 Fe FS NG"
30238,"E 22 Fe FS NG"
30239,"E 24 Fe FS NG"
30243,"Prog FS NG"
30247,"SMA FS NG"
30248,"SMA Fe FS NG"
30249,"Pedialyte Sol NG"
30253,"Isomil FS NG"
30254,"Sterile Water PO"
30255,"5% Dex Water PO"
30256,"10% Dex Water PO"
30260,"Br Milk FS PO"
30264,"PE 20 FS PO"
30265,"PE 22 FS PO"
30266,"PE 24 FS PO"
30270,"E 20 FS PO"
30271,"E 22 FS PO"
30272,"E 24 FS PO"
30276,"E 20 Fe FS PO"
30277,"E 22 Fe FS PO"
30278,"E 24 Fe FS PO"
30282,"Pregestimil FS PO"
30283,"Pedialyte Sol PO"
30287,"SMA 20 FS PO"
30291,"SMA 20 Fe FS PO"
30295,"Isomil FS PO"
30297,"Potassium Chloride"
30298,"Sodium Acetate"
30301,"TPN D8"
30313,"TPN D14"
30314,"TPN D16"
30315,".25 NS+0.5:1 Heparin"
30316,".25 NS +1:1 Heparin"
30317,"D 12.5 W"
30318,"D15W"
30319,"D20W"
30320,"D25W"
30321,".45NS + .5:1 Heparin"
30322,"D17.5W"
30323,"TPN D6"
30325,"TPN D13.0"
30326,"TPN D18.0"
30328,"D 30W"
30329,"Prosobee"
30332,"Prosobee 1/4s PO"
30333,"Prosobee 1/2s PO"
30334,"Prosobee FS PO"
30336,"NeoSure"
30339,"NeoSure 24 NG"
30340,"Nutramigen 24 NG"
30341,"Nutramigen NG"
30342,"Pregestimil 24 NG"
30343,"Pregestimil NG"
30344,"Enfamil AddedRice NG"
30345,"EnfAddedRice 24 NG"
30346,"Pregestimil 24 PO"
30347,"NeoSure 24 PO"
30348,"Nutramigen PO"
30349,"Nutramigen 24 PO"
30350,"EnfamilAddedRice PO"
30351,"EnfAddedRice 24 PO"
30352,"0.9% Normal Saline"
30353,"0.45% Normal Saline"
30354,"ProBalance"
30355,"S 20 Fe NG"
30356,"S 22 Fe NG"
30357,"S 24 Fe NG"
30358,"SC 20 Fe NG"
30359,"SC 22 Fe NG"
30360,"SC 24 Fe NG"
30361,"Portagen 20 NG"
30362,"Portagen 24 NG"
30366,"S 20 Fe PO"
30367,"S 22 Fe PO"
30368,"S 24 Fe PO"
30369,"SC 20 Fe PO"
30370,"SC 22 Fe PO"
30371,"SC 24 Fe PO"
30372,"Alimentum PO"
30373,"Alimentum 24 PO"
30374,"Enfacare"
30375,"Enfacare 24"
30377,"Portagen 20 PO"
30378,"Portagen 24 PO"
30379,"Alimentum"
30380,"Alimentum 24 NG"
30381,".9NS + 0.5:1 heparin"
30383,"Impact"
30384,"Xigris"
30385,"NeoCate"
30386,"Neocate 24"
30388,"Enfacare NG"
30389,"Enfacare 24 NG"
30391,"Neocate 24 NG"
30392,"NeoSure NG"
30394,"Enfacare PO"
30395,"Enfacare 24 PO"
30396,"Neocate PO"
30397,"Neocate 24 PO"
30398,"NeoSure PO"
30401,"Peptamen 1.5"
30402,"Nutren 2.0"
30403,"Nutren Renal"
30404,"Nutren Pulmonary"
30405,"Ensure Plus"
40030,"MANNITOL"
40033,"DEXTRAN"
40281,"sodium phosphate"
40283,"THAM"
40327,"Mannitol 20%"
40385,"K PHOS"
40402,"protonics"
40404,"endoscopy"
40423,"Bolus"
40424,"free H2O"
40449,"epidural-marcaine"
40450,"EBL"
40452,"C.O."
40468,"epidural asp"
40471,"r femoral puncture"
40489,"Pericardial fluid"
40503,"readi - cat"
40504,"IV MEDS"
40505,"ph of ogt"
40531,"kcl 20 meq ivpb"
40532,"FREE H2O"
40533,"procedure"
40535,"hemodyalysis"
40548,"ALBUMIN"
40549,"protonix"
40550,"PANTOPRAZOLE"
40551,"bicarb push"
40552,"cisatricurium"
40579,"Meperidine"
40581,"CO flush"
40582,"Meperidine cc/hr"
40583,"readi-ct"
40585,"PD total"
40586,"bowel movement"
40595,"na phosphate"
40596,"K-PHOS"
40598,"r leg leaking fluid"
40611,"NA BICARB"
40632,"NS w/ 40K"
40635,"baricat"
40636,"kayexalate PR"
40645,"magnesium"
40646,"JT bile"
40667,"demerol"
40676,"natracor"
40691,"paracentisis"
40692,"ebl cath lab"
40699,"K+ PHOS"
40700,"Pantoprazole"
40702,"free water infusion"
40712,"free H20"
40713,"po contrast"
40725,"supra pubic flush"
40726,"epidural"
40743,"Hematoma Aspiration"
40744,"pad change"
40749,"protonix infusion"
40750,"foley irrigation"
40752,"sp aspirate"
40777,"PROTONIX GTT"
40778,"Free H2O"
40780,"cath lab"
40788,"PD dialysate in"
40794,"Na Phosphate"
40795,"ns bladder"
40796,"Protonix mg/hr"
40801,"plasma pheresis"
40802,"IGG"
40803,"paracenthesis"
40812,"Kphos 30mmol"
40832,"NS/PITOCIN 20U"
40833,"readi cat"
40850,"ns bolus"
40863,"k phos"
40864,"KPhos"
40865,"NS BOLUS"
40866,"Cath Lab Ouput"
40872,"free water"
40873,"FREE H20 NG"
40880,"Kphos"
40889,"OCTREOTIDE"
40895,"L neck mass aspirate"
40902,"Demerol"
40903,"pad changes"
40907,"dialysate"
40908,"c.o."
40929,"radiographin"
40952,"c.0. fluid"
40953,"intake from paper"
40954,"Xigris 20mg/100mL"
40955,"Left Hip Aspiration"
40963,"pheresis"
40964,"Ara-c chemo gtt"
40976,"FLOLAN"
40989,"Thorancentisis"
40998,"go-lytley"
41000,"OR intake"
41001,"Angio intake"
41002,"TPA .5mg/hr"
41014,"Soduim Phospate"
41028,"Pigtail Flush"
41048,"EMERGENCY DEPT"
41063,"PD Dialysate Intake"
41064,"Ca Gluc"
41065,"d5w 10gm ca+ glucon"
41066,"d5w & 6gm ca+ glucon"
41067,"K Phos"
41068,"Liperudin"
41076,"MgSO4"
41077,"HD fluid off"
41083,"lr with pictocin"
41084,"ED intake"
41086,"GoLytely"
41092,"ED INTAKE"
41093,"Cyclosporin"
41094,"bx site"
41100,"Flowlan"
41101,"Protonix"
41110,"IV Isuprel 1mcg/min"
41111,"METHYLPRED 450MG/HR"
41121,"C.O. fluid"
41122,"HD"
41147,"Dialysate instilled"
41162,"NaPhos"
41163,"Calcium gluc gtt"
41164,"CATH LAB U.O."
41174,"Altepase"
41175,"PROBALANCE TF"
41176,"Soduim Phosphate"
41179,"ascites fluid bag"
41182,"acetylcysteine 20%"
41183,"Sodium Phosphate"
41186,"NS with Pit 20units"
41187,"Neuro Angio Intake"
41188,"Probalance TF"
41189,"Nicardipine mg/hr"
41193,"cyclosporine"
41201,"probalance TF"
41216,"go-lytely"
41217,"probalance fs"
41218,"ns+40gm cagluconate"
41219,"pheresis intake"
41220,"hd"
41234,"floor intake"
41237,"ns fluid boluses"
41275,"golytly"
41303,"cath lab dye"
41307,"Peritoneal Dialysate"
41322,"rl bolus"
41351,"QUINIDINE"
41352,"ER FLUIDS"
41353,"KPHOS"
41354,"PD fluid retained"
41355,"C.O"
41356,"IV Bolus"
41357,"NG aspirate"
41358,"EBL(OR)"
41367,"iv fluid from osh"
41368,"er ivf"
41371,"ns fluid bolus"
41372,"redicat"
41373,"NS for BT"
41380,"nsbolus"
41381,"PLASMAPHERESIS"
41382,"angio in"
41383,"PLASMAPHORESIS"
41387,"CATH LAB DYE"
41388,"CATH LAB FLUID"
41389,"ct contrast"
41390,"barracat"
41391,"k-phos 20mmol/500cc"
41392,"ns b"
41408,"mannitol"
41409,"ED Intake"
41410,"Flolan"
41413,"ready cat"
41415,"lactulose enema"
41416,"free h2o boluses"
41425,"kayexalate pr"
41427,"1/2 nsfluidbolus"
41428,"ns .9% bolus"
41429,"PD INFUSED"
41430,"free water boluses"
41431,"ampho bladder wash"
41432,"ns pr              e"
41439,"sodium phos"
41445,"NS IN ER"
41446,"RL IN OR"
41447,"Panidronate"
41448,"protonix 8mg/250"
41449,"NS 4gr Ca Gluconate"
41450,"21mM Potassium Phos"
41457,"Free H20 intake"
41458,"pantopralole"
41459,"1/4 NS"
41460,"capd dialysate"
41461,"PO contrast"
41466,"before icu ns"
41467,"NS IV bolus"
41474,"capd"
41485,"SODIUM PHOS"
41490,"NS bolus"
41491,"fluid bolus"
41492,"plueral fluid"
41493,"THERMODILUTION FLUID"
41508,"plural fluid"
41516,"versed drip"
41517,"talc in ct"
41518,"bumex"
41520,"paracentsis"
41524,"IVF AT OSH"
41525,"PROTONIX MG/HR"
41526,"1/2 ns bolus"
41531,"octreotide"
41532,"Pamidronate        l"
41537,"iv protonix"
41538,"enema-lactulose"
41549,"thermoldilution"
41550,"dextrose gtt"
41555,"hd removal"
41556,"ng"
41557,"oral"
41561,"GASTROGRAFFIN"
41568,"Multivitamin"
41575,"ENEMA"
41579,"golytely"
41580,"free h2o bolus"
41581,"Water bolus"
41582,"free h20 bolus"
41583,"pantoprazole"
41591,"kayexolate PR"
41597,"Dextrose 15%"
41609,"Rifampin"
41610,"ER"
41611,"Nesiritide"
41619,"frfee water boluses"
41620,"dialysate in"
41621,"Bannana Bag"
41622,"K-Acetate 40mEq/250"
41627,"pepcid gtt"
41632,"Mannitol"
41642,"contrast"
41643,"15 mMol KPhos"
41646,"famotidine"
41651,"xygris"
41652,"GO-LYTELY"
41653,"Vanco Enema In:"
41654,"Gastro Graphin"
41662,"hd off"
41668,"mycomust"
41669,"Xygris"
41676,"EW"
41688,"lactulose Enema"
41689,"15 MMOL NaPHOS"
41694,"Verapamil drip"
41695,"NS fluid boluses"
41697,"bal cctn"
41701,"iv intake in angio"
41702,"EW IVF"
41704,"Lactulose Enema"
41706,"irrig for bldr press"
41709,"Kayoxalate Enema"
41710,"glucagon"
41711,"CAPD dialysate dwell"
41712,"CT prep"
41714,"CAPD efluent"
41726,"ascites"
41732,"Mannitol 50Gm/250mL"
41733,"phenobarbital"
41739,"TOTAL IN FROM PAPERT"
41740,"iv fluid since mn"
41741,"TOTAL IN ON PAPER CT"
41742,"Lactulose300mg/NS700"
41743,"water bolus"
41744,"total intake since n"
41745,"H20 BOLUS VIA NG"
41746,"input from midnight"
41747,"i&o by paper"
41752,"uo since mn"
41759,"BICARB"
41760,"lacutlose enema"
41761,"READYCAT"
41765,"gastrograffin"
41771,"ns w/ 15mmol na+ phs"
41773,"Bari-cat"
41774,"HD putback"
41776,"IR blood products"
41777,"IR intake"
41779,"CSF needle aspirate"
41780,"Paracentisis"
41787,"Peritoneal dial in"
41788,"K+ Phos"
41789,"thoracen fluid"
41791,"2.5% dialysate in"
41792,"1.5% dialysate"
41797,"protonix gtt cc/hr"
41798,"TF PROBALANCE"
41799,"Hemo Vol"
41807,"Calcium chloride IVP"
41808,"sodium bicarb IVP"
41810,"plasmaphoresis"
41814,"reaadicat"
41823,"nicardipine gtt"
41824,"D5W 150meq NAHCO3"
41825,"golytlely"
41827,"Dilaudid Epidural"
41828,"nicardipine drip"
41835,"Bicarb gtt"
41841,"]readi-cat"
41845,"pamidrinate in ns"
41846,"study drug"
41848,"Mucomyst"
41850,"golytle"
41851,"3/4str impact w/fibr"
41853,"GO LYTELY"
41856,"Barocet"
41859,"flolan"
41864,"thermodilution fluid"
41865,"injectate"
41895,"Glucagon Gtt"
41896,"ivf boluses"
41902,"angio intake"
41905,"ANGIO INTAKE"
41906,"NA PHOS"
41913,"NS"
41915,"FREE WATER"
41916,"NIMBEX"
41938,"ATG"
41941,"VAC DRESSING"
41951,"ANGIO U/O"
41956,"Potassium"
41958,"KPHOS 30MMOL"
41962,"PRECEDEX CC/HR"
41963,"HCL GTT"
41968,"bicarb drip"
41981,"THAM GTT"
41983,"NAHCO3"
41984,"FREE H20"
42007,"GASTROGRAFIN"
42024,"angio fluids /anes"
42025,"D5.45 60K"
42026,"Flush LT ct #1&2 q8'"
42027,"PROMOTE WIH FIBER"
42028,"PROMOTE WITH FIBER"
42030,"angio ebl"
42031,"angio u/o"
42038,"er crystalloid"
42039,"ANGIO CRYSTALL"
42040,"CISTACURIUM"
42041,"barium sulfate"
42044,"aprotinin cc/hr"
42045,"nimbex mcg/kg/min"
42047,"ebl"
42049,"criticare hn tf"
42051,"AMPHOTERCIN CC HR"
42052,"FREE H20 BOLUS"
42053,"GASTROGAVIN IN H20"
42058,"ER INTAKE"
42059,"promote/fiber"
42060,"METHYLPREDNISONE GTT"
42061,"CBI-NS"
42062,"Precedex (mcg/kg/hr)"
42063,"pamidronate"
42064,"bladder press irrig"
42065,"ASCITIC FLUID"
42074,"TPA 1MG/5CC"
42076,"c scan"
42079,"CONTRAST VIA NG."
42082,"ANGIO CRYSTALLOIDS"
42083,"PRE ANGIO(PACU)CRYST"
42084,"1/4STR BETAD. FLUSH"
42087,"NS 40 KCL"
42088,"METROWEST INTAKE"
42089,"K PHOS OVER 6 HRS"
42090,"Promote with fiber"
42091,"impact w/fiber+promo"
42099,"urinary irrigant"
42100,"cistatracurium"
42102,"ER U/O"
42106,"PROMOTE/FIBER"
42108,"ANGIO CRYS"
42109,"REPLACEMENT FLUID"
42110,"ANGIO EBL"
42112,"Old trauma line site"
42115,"iv fluid in angio"
42116,"PROMOTE/w/FIBER"
42117,"THYMOGLOBULIN"
42118,"EBL IN ANGIO"
42125,"ANGIO IN"
42126,"Solumedrol gtt"
42127,"C SCAN"
42134,"cistacur mcq/kg/min"
42135,"IMPACTW/FIBER+PROMOD"
42136,"REDICAT"
42137,"left groin bag"
42142,"FREE WATER/OR D5W"
42146,"APROTONIN"
42149,"ETOH DRIP"
42150,"CRITICARE TF"
42154,"Bile instillation"
42161,"ns w/40 kcl"
42162,"k phosphate iv"
42163,"solumedrol drip"
42166,"bile replacement/q4h"
42168,"breast pumping"
42172,"MANITOL"
42173,"aprotonin"
42174,"nimbex cc/hr"
42175,"CONTRAST VIA OG"
42176,"approtinin"
42177,"RT. PIGTAIL"
42180,"CISATRICURIUM"
42187,"free h20"
42188,"REDI-CAT"
42192,"CATH LAB CRYST"
42193,"CONTRAST CATH LAB"
42194,"CC7 FLUIDS"
42197,"CC7 HUO"
42202,"gi fluid"
42203,"Aprotonin"
42204,"Protonix gtt"
42205,"contrast via ft"
42206,".45ns w/ 20kcl"
42207,"Nulytely prep"
42208,"ABDOMINAL SUMP"
42211,"left fem a-line site"
42213,"OR ABDOMINAL DNG"
42215,"CRYS CC7"
42216,"1/2ST IMPACT W/FIBER"
42217,"peritoneal fluid"
42221,"ER CRYST"
42223,"ns w/40kcl"
42224,"FARR 5 IN"
42230,"NS W/40KCL"
42231,"CRYST ANGIO"
42232,"THYMOGLOBLIN"
42233,"APROTININ 10,000/100"
42234,"HD REMOVAL"
42235,"HUO ANGIO"
42238,"CC7 CRYSTALLOIDS"
42239,"CC7 PRBC"
42240,"SOLUMEDROL DRIP"
42241,".45NS & 1 AMP BICARB"
42242,"ANGIO CRYSTALLOID"
42243,"anti-thymocyte globu"
42244,".45ns + 1 amp bicarb"
42245,"CARIPORIDE STUDY"
42246,"CISATRICARIUM CC/HR"
42249,"BRBPR"
42251,"BUPIVICAINE/EPIDURAL"
42259,"lt plural ct bag"
42265,"LR W/ 20 KCL"
42266,"IV fluid Farr5"
42269,"bile replacement"
42273,"vasopressin unit/min"
42274,"gastrogavin in h20"
42275,"bile refeed"
42277,"insensible loss"
42281,"Ice chips"
42282,"na phos"
42284,"CISATRACURIUM DRIP"
42285,"PROTONIX DRIP"
42286,"calicium gluc gtt"
42288,"LR w/40 kcl"
42291,"NIMBEX CC/HR"
42292,"k-phos"
42295,"STURDY HOSP"
42296,"mgso4 gtt"
42297,"Fluid bolus"
42298,"CARIPROSIDE"
42299,"CISATRA"
42301,"NG RESIDUAL"
42306,"ER IVF"
42307,"EW INTAKE"
42308,"STUDY DRUG"
42309,"CISATRA CC/HR"
42310,"cisatricurium cc/hr"
42311,"CONTRAST VIA NG"
42322,"er crystalloids"
42323,"er ffp"
42324,"er prbc"
42325,"CARIPORIDE CC/HR"
42326,"Kphos 15mmol. 250cc"
42329,"er u/o"
42334,"APRTININ CC/HR"
42335,"1/2 STR. VIVONEX"
42336,"DEXTROSE125GMS/250CC"
42337,"NAHCO3- CC/HR"
42342,"Amiodarone mg/hr"
42343,"CARIPORIDE ML/HR"
42344,"tham"
42345,"LR w/ 40 mEq"
42352,"OR TPN"
42353,"CISTRACURIUM"
42358,"k phos over 6hrs"
42359,"cariporide/ns"
42360,"CATH LAB IV INTAKE"
42361,"cariporide"
42363,"angio crystalloid"
42364,"er iv intake"
42365,"Bupivacaine"
42369,"CONTRAST IN ANGIO"
42370,"CRYSTALLOID IN ANGIO"
42372,"CARIPORIDE"
42373,"SOLUMEDEROL GTT"
42374,"L THIGH JACKSON PRAT"
42375,"U/O IN ANGIO"
42380,"er intake"
42381,"CC6 INTAKE"
42382,"READI-CAT"
42383,"cc for cc replace"
42384,"90%CC/CC U/O REPLACE"
42385,"Cisatracurium gtt"
42387,"NA+ ACETATE"
42389,"BAG LT LEG"
42391,"right hand bag"
42395,"D5W + 40 KCL"
42396,"ns with 50meq HCL"
42401,"vicu cryst"
42402,"epidural drip"
42404,"vicu u/o"
42406,"GASTROGRAFIN/NG"
42407,"Precedex mcg/kg/hr"
42408,"hcl 50meq/500cc@   0"
42409,"D5LR W/40K"
42413,"NEURO-RAD IN"
42414,"Cisat mcg/kg/min"
42415,"THAM (30 meq=100cc)"
42416,"nabicarb 250/1000"
42418,"INTAKE ON FLOOR"
42422,"SOLUMEDROL DRIPMG/HR"
42423,"heparin via sheaths"
42424,"ANCEF IRRIGATION"
42428,"CARIPORIDE STUDY/CC"
42429,"Free water"
42430,"D5W w/20gm CaGluc"
42438,"CAROPORIDE"
42439,"farr 7 intake"
42440,"1/2 STR. IMPACT/FIBR"
42447,"250n/s 15mM NA PHOS"
42448,"ABD wound bag"
42451,"ANTI-THYMOCYTE GLOB"
42452,"PD fluid 2.5%"
42453,"Fluid Bolus"
42455,"FENOLDOPAM 10MG/250C"
42456,"PD Fluid 1.5%"
42457,"PENTOBARB DRIP"
42458,"PD4.5%"
42459,"APROTANIN"
42462,"NEPRO W/ PROMOD"
42468,"angio crystalloids"
42469,"GASTROGAVIN"
42470,"4.25travasol/5%dex."
42471,"Other"
42474,"blake"
42477,"PD 1.5%"
42478,"D5W/Ca Gluc 20Gm"
42480,"Cariporide"
42481,"d5w/20g cagluc/L"
42483,"1000 D5W 20GM CAGLU"
42484,"1000N/S 20GM CA GLU"
42488,"SODIUM PHOSPHATE"
42489,"farr 7 crystalloid"
42490,"Na Phos"
42492,"farr 7 u/o"
42493,"k phos. 15mm"
42494,"anti-thymocyte globn"
42503,"Fluid in cath lab"
42504,"CA GLUCONATE"
42506,"OR ASCITES"
42512,"1000NS/1000UHEPARIN"
42513,"bivalirudin gtt"
42514,"SOLUMEDROL DRIP."
42515,"antithymocyte globin"
42521,"aprotinen"
42522,"FOLEY FLUSH"
42526,"SOLUMEDROL GTT"
42527,"INR BLOOD PRODUCTS"
42528,"crystalloid farr 5"
42529,"po intake farr5"
42534,"c-scan"
42538,"cell saver/or"
42548,"NS Bolus"
42554,"FREE WATER INTAKE"
42561,"ALCOHOL"
42562,"pos. dialysate intak"
42563,"SOLUMEDROL MG/KG/HR"
42564,"ALCOHOL 10%DRIP G/HR"
42565,"TROMETHAMINE CC/HR"
42566,"1000D5/130NA ACETATE"
42567,"130meqNAACETATE/D5W"
42568,"R Groin Site"
42570,"OR BILE"
42573,"ACETYLCYSTEINE"
42574,"INTERVENTIONAL RADIY"
42575,"alteplase"
42576,"10% ALCOHOL DRIP"
42577,"ALCOHOL 5% DRIP G/HR"
42580,"hemovac hip"
42581,"hemovac neck"
42587,"VICU IVF"
42588,"VICU PRBC"
42589,"aprotanin"
42590,"nimbex"
42596,"PENTOBARBITAL"
42599,"banana bag"
42606,"IR CRYSTALLOID"
42607,"THIAME,FOLICACID,MVI"
42609,"AMPHO-B"
42610,"IR U/O"
42612,"WATER VIA NG"
42613,"gastrogavin"
42614,"Leg bag/serous drg"
42618,"R fem drg site"
42621,"L GROIN HEMOVAC"
42623,"KCL 20mEq bolus"
42628,"potassium phos"
42629,"CELL SAVER IN OR"
42630,"Antithymocyte globu"
42631,"100mgm ATG/250N/S"
42638,"fenoldopam"
42639,"bolus"
42640,"from flow sheet"
42641,"3/4st impact w/fiber"
42645,"EW intake"
42646,"HYDRALAZINE IV"
42647,"LOPRESSOR IV"
42648,"VASOTEC IV"
42654,"farr 2 intake"
42655,"METHYLPREDNISOLONE"
42656,"OR EPIDURAL INTAKE"
42657,"corlopam mcgs/kg/min"
42658,"gastroview"
42660,"E.R. CRYSTALLOID"
42661,"ampho b iv"
42663,"1/2ST IMPACT/FIBER"
42664,"nesirtide"
42665,"GOLYTELY"
42668,"aprotanine"
42669,"KETAMINE MG/HR"
42671,"free h2o"
42673,"EPIDURAL"
42674,"ILIAC HEMOVAC"
42675,"POST NECK HEMOVAC"
42679,"1/2 H2O/impact fiber"
42680,"Tham infusion"
42689,"METHYLPREDNISONE"
42691,"kphos"
42692,"Angio"
42693,"20 GM CAGLUC/1L D5W"
42697,"Alcohol Gm/hour"
42698,"NS W/ 40 KCL"
42699,"GU IRRIGANT"
42704,"corlopam"
42705,"FENOLDOPAM"
42706,"k phos over 6hrs."
42707,"d5w w 10% etoh"
42708,"ms04 pca"
42709,"ALCOHOL GTT ML/HR"
42710,"PHERESIS EBL"
42711,"OR OTHER"
42713,"carevue downtime"
42714,"while carevue down"
42715,"CRYSTAL IN/DAY SHIFT"
42716,"angio site"
42721,"40kcl in 500ns"
42722,"ALCOHOL 10% DRIP"
42723,"cryo"
42724,"40kcl in 500cc ns"
42725,"NS W/ 40MEQ KCL"
42728,"POTASSIUM"
42729,"GI IVF"
42730,"15 mmol K phos/250cc"
42731,"Dextran40 10%"
42732,"Fenoldopam"
42734,"APROTININE"
42735,"Intra-abd. Pressure"
42736,"D5W/154MEQ NAACETATE"
42737,"NA PHOS 30MMOL"
42739,"er crystilliods"
42740,"prbc in er"
42742,"1/2 NS WITH 40 KCL"
42743,"MANNITOL 20%"
42745,"Pigtail irrigant"
42749,"fluid bolus NS"
42755,"atg"
42757,"anti-thomcyte glob."
42758,"open chest suction"
42762,"FARR 6 IN IVF"
42763,"PORK INSULIN GTT"
42764,"PLAMA-LYTE"
42768,"R groin bag"
42770,"Floor intake"
42771,"lepirudim"
42777,"10% ALCOHOL IN 5% D5"
42778,"HYDROCHLORIC ACID"
42779,"HCL 75 meq/500ml"
42782,"Epidural"
42783,"Prostaglandin"
42784,"cell saver OR"
42785,"OR CRYO"
42786,"WD. DRGE"
42790,"ns w/ 40meq kcl"
42791,"Pheresis - In"
42792,"nepro (1/2) & promod"
42793,"contrast po"
42797,"20Gm CaGluc/1000ccNS"
42799,"K+ phosphate"
42801,"cell saver in or"
42802,"VASOPRESSIN  CC/HR."
42804,"ETOH Grams/hour"
42805,"multivitamins"
42811,"Aprotinin cc/hr"
42812,"betadine chest irrig"
42813,"CYCLOSPORIN"
42814,"3/4 str Impact w/fib"
42815,"PERITONEAL FLUID"
42820,"ed crystalloid"
42821,"aprotinine"
42825,"farr2"
42826,"10mEqK/100cc"
42827,"D5W/20GM CA GLU"
42830,"OR CELL SAVER"
42831,"1/2st impact fiber"
42832,"albumin 12.5%"
42833,"1/2 STR.CRITICARE HN"
42836,"ANGIO IVF"
42839,"other"
42841,"vp shunt"
42844,"NS fluid bolus"
42845,"Angio In"
42848,"sodium bicarb"
42849,"hemovac"
42855,"ETOH GTT"
42856,"CALCIUM GLUGOANTE"
42857,"SODIUM BICARBOANTE"
42858,"FLOOR CRYSTALLOIDS"
42862,"Fendolapam"
42864,"ER CRYSTALLOID"
42865,"Lepriudin"
42866,"cell saver in OR"
42875,"cc6 ivf"
42876,"ER CRYSTALLOIDS"
42878,"IR IN"
42879,"Pre adm-Floor IV"
42886,"NS CT IRRIGATION"
42887,"Travasol"
42888,"D5W 10%ALCOHOL"
42894,"iv contrast"
42895,"MANNITOL 20 %."
42896,"NS 150MEQ SOD BICARB"
42897,"D5W 300MEQ BICARB"
42898,"D5W 20GMS CA GLUC"
42899,"FLUCONAZOLE"
42900,"L FEM"
42901,"Right brachial site"
42902,"right femerol"
42908,"NS W/ 20 GM CAGLUC"
42913,"angio"
42914,"Total IV"
42915,"D5W/10GM CAGLUC"
42917,"D5W/CAGLU 40GMS"
42920,"EW FLUID"
42924,"IR CRYST."
42925,"L CT SITE"
42926,"IR UO"
42927,"AMPHO B"
42931,"HD in"
42932,"10% alcohol"
42933,"XYGRIS"
42935,"CT # 6 & # 2 RT"
42938,"IR INTAKE"
42939,"1/4ns w 100meqnahco3"
42940,"co injectate"
42941,"I.R. EBL"
42942,"I.R. intake"
42944,"dextran"
42947,"ER in"
42948,"CONTRAST VIA NG/FT"
42949,"duodenal"
42954,"Angio IN"
42955,"PLASMAKYTE"
42956,"mucus stoma"
42959,"FS PROBALANCE"
42965,"xigris mcg/kg/hr"
42967,"Nicardipine (mg/h)"
42975,"DEXTRAN DRIP"
42976,"CATH LAB"
42978,"D5LR 20KCL"
42979,"NS w/30mmol Kphos"
42980,"D5 1/4 SODIUM BICARB"
42981,"Bladder transd."
42985,"Pamidronate"
42989,"DILAUDID/BUPIV."
42990,"BUPIVACAINE .50%"
42993,"10 mea KCL/100cc NS"
42994,"K PHOS 15 MMOL"
42995,"F6 IV MEDS"
42996,"F6 PO INTAKE"
42998,"alcohol gtt"
42999,"Sodium Bicarb"
43002,"F6 U/O"
43007,"MultiVitamin"
43008,"cryo or"
43009,"ffp pacu"
43010,"packed cells pacu"
43013,"ANTI-THYMOCYTEN"
43014,"ER NS BOLUSES"
43017,"NET PD"
43018,"magnesium 1gm/hr"
43020,"TPA 50mg/250cc"
43021,"TPA 50mg/250cc #2"
43023,"probalance 15gm prom"
43031,"steril water"
43032,"40 kcl in 500ns"
43033,"CALSTAT"
43036,"na phosp 15 mmol"
43037,"nicardipine HCL"
43038,"Noe gtt 60mg/250cc"
43039,"ca gluc gtt"
43041,"FA6 IVF"
43044,"BYPASS REMOVAL"
43047,"BUMEX 12mg/500ml"
43049,"FLOOR IN"
43050,"ca glu 40gm/1L"
43051,"L. GROIN PUNCTURE"
43055,"FARR 6 COLLOID"
43056,"NA PHOS 15MMOL"
43059,"Direct suction"
43061,"40Gm CaGluc/1000ccNS"
43062,"D5W w/ 40gms cagluc"
43063,"NS w/40gms CaGluc"
43070,"Ca++ Gluconate"
43073,"NaPO4"
43076,"h2o flush q 8hr"
43077,"L. GROIN"
43080,"NS w/30mmol NaPhos"
43081,"QUICKMIX"
43083,"g-t residual"
43086,"Nicardipine gtt"
43087,"3/4 RESPALOR"
43088,"1/2str impact/fiber"
43089,"ns w/ 40 meq kcl"
43090,"NICADRDIPINE"
43091,"GALLBLADDER DR FLUSH"
43092,"INTAKE ED"
43097,"vicu intake"
43107,"intake from floor"
43108,"contrast via ng"
43109,"Golytly"
43112,"preadmit to ICU NS"
43113,"SOIDUM PHOSPHATE"
43118,"probalance tf"
43122,"rectal irrigation"
43125,"xigris cc/hr"
43126,"d5w/40 gm ca gluc"
43131,"iv intake"
43132,"RL + 20K/100"
43134,"1/2 STR IMPACT/FIBER"
43135,"NS/40GM CA GLU"
43137,"GT, straight, perf'd"
43139,"HCL GTTS 75MEQ/500ML"
43140,"D5W/1L/2AMP BICARB"
43141,"PD"
43147,"1/2STR PROMOTE/FIBER"
43168,"d10 bolus"
43169,"Bicarb drip"
43170,"TPN D21.5 with hep"
43228,"D10W BOLUS"
43229,"D10 bolus"
43230,"Portagen"
43232,"1/2 NS flush"
43233,"TPN D10.5 with hep"
43234,"TPND10.5 with hep"
43235,"contrast dye"
43237,"25% Albumin"
43238,"Potassium Chl. Bolus"
43240,"Portagen w/PoMod NG"
43241,"Portagen 20 cal po"
43242,"portagen"
43319,"Carnation Good Start"
43321,"D14.5 lytes and hep"
43322,"Lipid tubing change"
43332,"void"
43346,"tpn d13.5 with hepan"
43353,"Albumin (human) 25%"
43354,"normal saline flushs"
43356,"Lt. upper CT"
43357,"Rt. upper CT"
43364,"kcl infusion"
43366,"ur.cc/kg/hr"
43367,"Portagen NG"
43370,"Portagen 24"
43381,"cc/kg/hr"
43387,"Fentanyl bolus:"
43394,"Similac"
43395,"3/4 str Prosobee"
43403,"IV D10W BOLUS"
43406,".45 NS"
43407,"Rectal irrigation"
43418,"D10w BOLUS"
43423,"D10W bolus"
43424,"PE20 FS PO"
43425,"PE20 PG"
43426,"Subgaleal shunt dng"
43432,"Similac w/ iron"
43438,"D12.5 bolus"
43439,"NG EAR 30cal"
43440,"PO EAR30 cal"
43444,"GT vent"
43457,"PE24FSPO+MCT+Poly+PM"
43461,"IV meds and flushes"
43465,"Alimentum 28 NG"
43466,"Alimentum 28 po"
43469,"PE24FSNG+Promod+HMF"
43471,"D10 Bolus"
43472,"ur/kg/hr"
43473,"IV Meds"
43474,"GT"
43475,"Prosobee 20cal GT"
43476,"Prosobee 24cal GT"
43487,"Stomach asp.PH"
43488,"Portagen 20cal"
43497,"PE24+2HMF NG"
43505,"PE24NG+MCT+Promod"
43506,"PE24NG+2MCT+Promod"
43507,"PE24PO+2MCT+Promod"
43508,"ENFAMIL AR"
43509,"ENFAMIL AR 28 cal"
43514,"SIMILAC"
43515,"NEOSURE 22"
43516,"Neosure with 2 polye"
43520,"ml/kg/day"
43521,"ml/kg/hr"
43526,"ur/cc/kg/hr"
43540,"PN D10.5W"
43541,"Pregestimil 22cal NG"
43542,"Pregestimil 22cal PO"
43547,"urcc/kg/day"
43548,"ur cc/kg/hr"
43553,"PE22 PO"
43555,"TPN D24"
43572,"drooling"
43583,"UO/KG/hour"
43584,"Sterile Water NG"
43586,"D10w Bolus"
43588,".45%NS FLUSH"
43590,"ur/cc/kg"
43593,"IV D6W"
43597,"Hep Flush"
43598,"GT Pedialyte"
43599,"Enfamil AR 24 GT"
43616,"ALIMENTUM 24CAL"
43619,"Bicarb"
43622,"cc/kg"
43631,"Neosure 22 NG"
43632,"Neosure 22 PO"
43636,"cc/k/h"
43639,"UR.cc/kg/hr"
43647,"UO cc/k/hour"
43648,"D-10 Bolus"
43649,"Cerebral Spinal Fld. LP"
43656,"Sucrose"
43657,"Similac 60/40"
43661,"bicarb"
43663,".9% NS flush"
43674,"Sodium Phosphate IV"
43677,"cyclosporin"
43678,"APC"
43683,"mucomyst"
43689,"HD fluid removal"
43693,"cyclosporin iv drip"
43699,"d5 1/4 ns"
43700,"Solumedrol mg/kg/min"
43701,"ns with 2 amps bicab"
43704,"er in"
43707,"RLQ OPEN AREA"
43708,"left groin site"
43709,"L.ARM BAG"
43712,"Pregesimil FS PO"
43713,"Pregestilmil FS NG"
43719,"golytle prep"
43720,"ivf on medical floor"
43725,"D5W 150meq Sod Bicar"
43726,"cagluc (40gm/l)"
43727,"bupivacaine.1% popli"
43728,"bupivacaine.1% r axi"
43733,"D5W & 40Gm CaGluc"
43739,"OR INPUT CRYSTALLOID"
43740,"EBL FROM OR"
43744,"NS bladder pressure"
43745,"k phos 15 mm"
43746,"gastrografin"
43747,"CALCIUM"
43750,"ANGIO CRYSTTALOID"
43757,"JT flush"
43759,"NS 40K 500CC"
43763,"Bladder presure"
43765,"NS/10MG XIGRIS"
43766,"Similac 24 cals/oz"
43767,"Sim-24"
43768,"Sim-24(NG)"
43772,"thoracentisis"
43773,"barium prep"
43774,"Sim-26 w/promod"
43775,"Sim-26 w/promod (PG)"
43776,"Sim-26 w/promod(PO)"
43777,"Sim-26 w/promod (PO)"
43778,"CITRATE"
43798,"FARR 10 INTAKE"
43799,"1:1 U/O REPLETION"
43810,"0.5:1 U/O REPLETION"
43813,"wound leakage"
43819,"1:1 NS Repletion."
43823,"D5W 100MEQ BICARB"
43825,".5:1 NS REPLETION"
43826,"HYDROCHLORIDE ACID G"
43829,"PERITONEAL DIALYSATE"
43835,"EW IN"
43838,"500ns/40meqkcl"
43839,"cryst in ed"
43845,"ascites fld"
43852,"readicat contrast"
43861,"PD Intake"
43864,"PD intake"
43865,"St.H20/Na Acetate"
43866,"3/4 STR IMPACT/FIBER"
43867,"1/2 Na Acet 0.5u Hep"
43869,"Peritoneal fluid"
43872,"Potassium 20meqIVPB"
43875,"NA PHOSPHATE"
43877,"OR ascites"
43880,"Angion intake"
43882,"FoleyIrrigant"
43886,"T-7 intrathecal dngn"
43889,"NA PHOS IN NSS"
43900,"1/2STR. IMPACT + FIB"
43901,"blood loss"
43902,"PHERESIS"
43903,"Vanco Enema"
43904,"D51/4NS+100MeqNaHCO3"
43909,"H20 BOlus"
43910,"Thoracentisis"
43921,"readycat"
43923,"Oral Contrast"
43924,"Vancomycin enema"
43928,"ECMO CRYSTALLOID"
43929,"Floor Intake"
43930,"na phosphate in ns"
43936,"FREE WATER BOLUSES"
43939,"NS 500+40K"
43940,"VICU INTAKE"
43942,"CHEMOTHERAPY"
43950,"40 KCL/500 NS"
43951,"NA POSPHATE"
43952,"OR Cyroprecipatate"
43957,"15 m sodium phos   e"
43962,"Neocate 26"
43969,"kvo line"
43971,"parencentis."
43972,"k phos 15 mmol"
43975,"FREE H20 BOLUSES"
43977,"bag from incision"
43979,"na+ phosphate"
43982,"Cladribine"
43983,"Pericardial flush:NS"
43986,"iv bolus"
43990,"SOD PHOSPHATE"
43993,"15 MM NA PHOSPHATE"
43994,"3/4 IMPACT/FIBER"
43997,"D 10W bolus"
43998,"anigo intake"
43999,"1/2ns1000+20k"
44000,"floor in"
44001,"Go-Lytely"
44008,"PROTONIX"
44009,"K phos"
44010,"Promote w/ fiber 3/4"
44011,"ENDOSCOPY"
44016,"THOROCENTISIS"
44020,"baricat ct contrast"
44021,"OR Ascites"
44023,"READICAT"
44031,"Plasma-lyte"
44033,"adjustment"
44036,"P.D. In"
44037,"Dialysate Instilled"
44038,"d5w&25meqk+acetate"
44041,"D5W 50 meq Ca Acetat"
44042,"40k/500ns"
44043,"Angio in"
44044,"FFP Drip"
44045,"3/4st promote wfiber"
44047,"40 KCL/500CC"
44048,"Floor cryst"
44049,"angio cryst"
44050,"2/3 str impact/fiber"
44053,"normal saline bolus"
44054,"PD IN"
44056,"Peritoneal Fluid"
44057,"OR/PACU"
44061,"3/4 IMPACT W/ FIBER"
44064,"plasma phoresis"
44070,"NEOSURE PG"
44076,"NS 500+ 40 KCL"
44077,"Floor ouput"
44088,"Magnesium"
44089,"Methylprednisone"
44091,"1/2na acetate1/2hep"
44092,"1/2na acetate 1/2hep"
44094,"Lactulose enema"
44096,"solumedrol 10575/500"
44098,"BILE REFEED"
44100,"D5W with 3amps NaHC3"
44101,"30 mmol na phos"
44102,"Plasmalyte"
44105,"3/4 STR NEPRO"
44106,"Imp/fiberHALF"
44107,"Acetylcysteine"
44109,"500NS/KPHOS30mm"
44110,"RL BOLUS"
44111,"sodiumbicarb 100meq"
44112,"CBP FLUID"
44115,"K+ Phosphate"
44116,"Methylpred"
44117,"pigtail infusion"
44118,"LUMBAR"
44122,"PD catheter"
44123,"st cath"
44125,"Protonix Drip"
44126,"fl bolus"
44127,"ur.cc/kg/day"
44128,"NS with Folic Acid"
44129,"ANTITHYMO-GLOBULIN"
44130,"malinkot flush"
44131,"CT site"
44139,"ep intake"
44141,"ogt"
44145,"paracenitis"
44150,"vag bld"
44155,"Amino Acid 4.25%D5%"
44156,"oxytocin 10 units/LR"
44160,"BOLUS"
44162,"KPO4"
44163,"enema"
44164,"OR INTAKE"
44165,"APROTININ ML"
44166,"BICARBONATE-HCO3"
44167,"foley flush"
44168,"cath lab our"
44169,"Blood from oral sx"
44172,"FFP GTT"
44175,"R groin"
44179,"1/2 st IMPACT"
44182,"SODIUM BICARB 150MEQ"
44184,"LR Bolus"
44190,"tpa 50 mg in 500cc"
44200,"FLUID BOLUS"
44202,"Impact w/fiber 2/3"
44203,"Albumin 12.5%"
44204,"Foley Catheter"
44206,"D5 0.25%NS 20mEq KCl"
44207,"D51/4 w/40meq Kcl"
44212,"Ascites"
44217,"vac"
44218,"impact w/fiber 3/4"
44219,"diaphoresis"
44220,"Calcium Gluc 40gm"
44223,"Octreotide"
44224,"PEROTONEAL FLUID"
44236,"E.R. FFP"
44240,"kayexelate enema"
44242,"or cryo"
44244,"LACTULOSE ENEMA"
44246,"KPO4 30 MM"
44255,"D5 WITH 3 AMPS BICAB"
44263,"fluid bolus ns"
44264,"pericard hep/ns 1:1"
44265,"Enema"
44270,"HD removal"
44276,"ER IV fluid"
44277,"water flush"
44279,"Cranberry Juice"
44287,"OR Cryo"
44289,"pigtail flush"
44292,"BICARB 150 MEQ"
44297,"ON FLOOR"
44302,"Neosure 20 NG"
44303,"Sim 28"
44305,"BAROCAT"
44306,"methadone"
44310,"f10 in"
44311,"Pigtail flush"
44312,"1/2 NaAc (UA)"
44318,"Impact/fiber/Pepto"
44319,"thoracensesis"
44323,"ED IVF"
44324,"cyclosporin 2mg/hr"
44326,"THORACENTISIS"
44329,"ED CRYST."
44330,"0.45NSS"
44331,"cyclosporin 4mg/hr"
44335,"D5W Bolus"
44339,"NA phosphate"
44341,"3/4 str Imp/Fib"
44343,"MgSO4     20gm/500cc"
44344,"BLADDER PRESSURE FLD"
44346,"calicum gluconate"
44354,"insulin carrier"
44355,"bicarb 150meq"
44358,"Ambisone"
44361,"ACETYLCYSTER.42GM/1L"
44362,"TPN CORRECTION"
44366,"SOLU-MEDROL"
44367,"LR"
44369,"ER IN"
44370,"INAMRINONE LACTATE"
44376,"primo II"
44377,"ca gluconate gtt"
44379,"Mushroom catheter"
44381,"NG residual"
44383,"L groin"
44385,"pre admission intake"
44386,"D5 LR with 40mEq K+"
44387,"Gu irrigant"
44390,"Neosure 30 PG"
44391,"Neosure 30 PO"
44394,"Neosure 26 PO"
44396,"Rectal gastrograffi."
44397,"cath lab u/o"
44399,"D5RL 20KCL"
44404,"k phos gtt"
44407,"K PHOS 30MMOL"
44413,"rectal vanco"
44414,"1/2 str NEPRO"
44415,"urcc/kg/hr"
44419,"ew ivf"
44420,"Enfamil AR PO"
44421,"ew uo"
44423,"Totals from midnight"
44424,"Sodium bicarb"
44425,"3/4ST IMPACT/FIBER"
44426,"bolus ns"
44427,"RITUXIMAB 600MG/NS"
44430,"plasmalyte"
44431,"plasmalyte bolus"
44437,"l&d intake"
44438,"l&d uo"
44439,".45NS BOLUS"
44440,"Normal Saline Bolus"
44441,"calcium"
44442,"PLASMALYTE"
44446,"replacement fluid"
44447,"kcl phos"
44451,"Impact w/Fiber 3/4"
44458,"CMV IG"
44459,"ET aspirate"
44460,"Impact w/Fib 1/2 Str"
44464,"K PHOS-30"
44466,"bupivicaine .1%"
44467,"Amphotericin"
44469,"NA Phosphate"
44470,"Pregesamil PO"
44471,"barocat"
44472,"D50"
44473,"er"
44477,"1/2 NS REPLACEMENT"
44478,"cc:cc REPLACEMENT"
44479,"potassium phospate"
44480,"er intake iv"
44483,"APROTINEN"
44484,"1/2 str Nepro"
44486,"ed ivf"
44487,"Cryst on floor"
44488,"Readi-Cat 2"
44489,"ed uo"
44491,".9NS bolus"
44492,"Free Water"
44494,"r fem puncture site"
44495,"GT Residual"
44498,"er ns"
44499,"ER input"
44500,"Rituximab 50mg/hr"
44503,"1/2NS CC:CC"
44504,"1/2 ns 1/2cc:cc"
44505,"farr7 intake-iv"
44507,"farr7 lower abd drai"
44508,"farr7 upper abd drai"
44510,"pheresis pos balanc"
44511,"Plasmapheresis"
44515,"PLASMAPHERESIS IN"
44516,"PRIMO 2 CABG STUDY"
44517,"pheresis ivf"
44518,"Insulin Carrier"
44519,"farr 10 in"
44521,"LR bolus"
44523,"Neocate 20 PO"
44525,"Quick Mix."
44526,"dialysate 1.5% dex"
44527,"dialysate 2.5%"
44528,"plasmapheresis"
44529,"Primo study cc/hr"
44534,"Angio contrast"
44537,"D5 .2"
44539,"D5W W/ NAHCO3 150MEQ"
44544,"Peritoneal Dial In"
44547,"intrathecal catheter"
44552,"VAC dsg"
44553,"thorocentisis"
44554,"7.5mEq NaAcetate/100"
44559,"ISUPEL"
44568,"PR vanco"
44570,"d 10w bolus"
44573,"15mmol K+Phos."
44575,"EW input"
44576,"EW uo"
44578,"Neosure 26cal NG"
44579,"Neosure 26cal po"
44580,"Hep B IG"
44582,"250 N/S 15MM NA PHOS"
44584,"Dialysate IN"
44585,"Methylprednisolone"
44590,"ed intake"
44591,"dialysate 4.25%"
44601,"potass phosp 15mm"
44602,"NaHCO3"
44603,"GI UNIT INTAKE"
44605,"mushroom cath"
44607,"NaAc7.5 st. water"
44608,"3/4 ST IMPACT"
44609,"Na Acetate/Heparin"
44610,"BUPIVICAINE .1%"
44614,"SterileH20/NaAcetate"
44615,"Sterile H20/Na Acet"
44616,"k phos 30mmol"
44621,"PD exchange 2.5%"
44625,"KPHOS 15MMOL"
44627,"Factor VII"
44628,"tpn 21 with heprin"
44630,"Procedure Suction"
44631,"3/4str impact/fiber"
44632,"D50%"
44633,"ns boluses"
44634,"d5w& 3 amp nabicarb"
44635,"D50% (50g/100cc)"
44638,"R LQ punch"
44642,"ER Intake"
44645,"GO LYTLE"
44647,"ENEMA GASTROGRAFFIN"
44648,"D5W + 150MEQ BICARB"
44653,"OCTREOTIDE MCG/HR"
44658,"ur.cc/kg"
44667,"floor iv intake"
44668,"mucomist"
44673,"EleCare"
44675,"1/2 ST IMPACT/FIBER"
44678,"Elecare 20 NG"
44679,"Elecare 20 PO"
44683,"floor crystalloid"
44688,"c.o. injectate"
44690,"1/2 NS + 20 KCL"
44695,"40mEq in 500cc."
44696,"SterileH2O+NaAcetate"
44697,"NaAc w/hep/UAC"
44698,"peritoneal dialysate"
44699,"2/3 st impact /fiber"
44702,"IVF IN ERCP"
44703,"plueravac #2"
44711,"potassium"
44712,"OSH input"
44713,"free water q6hrs"
44722,"EW crystalloids"
44723,"PAPAVERINE"
44725,"Hep B immune globuln"
44728,"skin bag"
44737,"NS CT IRRIGANT"
44738,"CT warming fluid"
44741,"NS FLUID BOLUS"
44742,"D5W WITH BICARB"
44743,"PROSOBEE 24 by conc"
44749,"calcium drip"
44751,"str. cath"
44757,"Foley Cath"
44759,"protonix gtt 8mg/hr"
44760,"NS WITH K-PHOS"
44761,"Free H20"
44762,"potassium phos 30mml"
44763,"IVF from floor"
44769,"ER intake"
44772,"1/2str Impt with Fib"
44774,"500cc NS w/40meq kcl"
44776,"bile"
44777,"procedure EBL"
44779,"Baricat"
44780,"Enfamil 30cals/ounce"
44783,"Enfamil 30 cal NG"
44784,"chest aspirate"
44787,"chemo ara-c"
44789,"#3 CT-POSTERIOR"
44791,"D5 150meq NA Bicarb"
44793,"protonix80mg/250ccNS"
44795,"CHEMO:Alb w/ Sargram"
44796,"CHEMO:Cytarabine"
44797,"Protonix IV"
44798,"EW IV intake"
44799,"Enfamil 26 by conc."
44800,"kvo"
44804,"ED crystalloid"
44805,"NA PHOS 30 MMO;"
44815,"LR BOLUS"
44817,"intake angio"
44818,"ouput angio"
44819,"FFP ON FARR 2"
44820,"pantoprazole gtt"
44822,"PD in"
44823,"NaPhos30mmol/250NS"
44825,"crystalloid- ed"
44826,"1/2 str impact"
44827,"ca gluconate 10%"
44830,"k phos 30 mmol"
44832,"ED IVFs"
44833,"phoresis"
44835,"ED FLUID INTAKE"
44836,"Sodium PHosphate"
44838,"pharesis fluids"
44842,"IV INTAKE F2"
44844,"ampho"
44848,"2/3 ST IMPACT"
44849,"protonix gtt"
44850,"BARI-CAT"
44852,"PACU Supra pubic"
44855,"Calcium"
44856,"plasmaphersis"
44861,"Pheresis"
44862,"BLADDER PRESSURE"
44863,"LACTULOSE ENEMA'S"
44864,"15mmol Na+ Phos"
44870,"JT in"
44871,"FIB left leg"
44873,"plasmapharesis"
44874,"barycat"
44876,"Prom w/Fib 1/2 str"
44877,"RITUXIMAB"
44878,"Pheresis Intake"
44881,"N/S WITH 40MEQ OF KL"
44885,"3/4 promote/fiber/tf"
44887,"2/3PROMOTE/FIBER"
44889,"IR"
44893,"D5W 500ml bolus"
44894,"N/s 500 ml bolus"
44897,"Insensible Losses"
44900,"PD ouput"
44902,"Plasma-Lyte"
44905,"ed blood products"
44907,"Barocat"
44908,"free water po intake"
44912,"pheresis."
44915,"D5LR 40K"
44916,"Readi-CAT 2"
44917,"Ascitic fluid OR"
44918,"Rituximab"
44919,"Plasmaphoresis"
44927,"CRRT HEPARIN"
44932,"CC7 Intake"
44934,"mushroom catheter"
44936,"mucomist 10000/250"
44937,"MVI bag"
44938,"GT to gravity"
44945,"1/2cc/1cc replace"
44948,"Flushpack"
44949,"gu irrigant"
44950,"cc/cc replacement"
44952,"OR Albumin"
44953,"OR plasmalyte"
44954,"OR CVVHDF"
44960,"go-lytly"
44962,"40meq K"
44963,"CALC GLUC"
44964,"Fat Emulsion Lipids"
44965,"CC/CC REPLACEMENT"
44966,"1/2NSS & 100 NAHCO3"
44971,"OGT"
44972,"INTAKE from cc6"
44976,"150meq Bicarb/1L D5W"
44979,"500N/S 40meq K+"
44980,"farr 2 iv intake"
44981,"farr 2 po intake"
44983,"Bolus NS"
44986,"PACU intake"
44987,"d5w NHCO3 150"
44990,"acites"
44991,"HCL DRIP"
44994,"PD Dwell"
44998,"multivitamin IV"
44999,"Abdominal fluid"
45001,"R fem. bag"
45002,"Abdomen site"
45003,"Left arm"
45004,"PROTONIX 8MG/HR"
45010,"Cyclospoprin"
45012,"Hemodiaylsis"
45013,"READI-CAT 2"
45016,"Hydrochloric Acidgtt"
45020,"RBC waste"
45021,"Mushroom cath"
45023,"methylprednisolone"
45024,"Protonix 80mg/250cc"
45027,"leeking skin bags"
45029,"na bicarb"
45031,"BICARB GTT"
45032,"1/2str Impact"
45033,"R Groin site"
45034,"Kphos 15mmol"
45035,"abdominal incision"
45036,"Lactulose PR"
45037,"CO"
45038,"1/2 str. Nepro"
45041,"RIGHT THORACENTISIS"
45045,"WaterBolus"
45047,"NA Phos"
45048,"E24"
45050,"MARCAINE LEFT"
45051,"MARCAINE RIGHT"
45052,"E20"
45053,"E24 +2corn oil"
45072,"250 n/s 15MML NAPHOS"
45074,"pedialyte GT"
45075,"Enfamil20 GT"
45079,"500 cc ns bolus"
45080,"epidural gtt"
45090,"CRYST FROM FLOOR"
45091,"BRBPR in EW"
45094,"IV CONTRAST"
45097,"HD  liters taken off"
45101,"Gentamycin chest irt"
45103,"Phoresis intake"
45104,"CUTANEOUS WOUND DRG"
45108,"D5W/amino acid 4.25%"
45109,"effluent"
45114,"D5W&Mucomyst"
45115,"effluent retained"
45119,"Gentamycin Chest Irn"
45125,"KVO"
45126,"1/2 impact /fibre"
45128,"15mmol NaPhos"
45130,"C.O. INJECTATE"
45131,"D5W Bicarb"
45132,"SODIUM PHOS IN NS"
45133,"ns with Na Phos 15 m"
45134,"OR Cryocipretate"
45137,"NS cc/cc"
45139,"Taxol"
45140,"IV DYE"
45143,"pd fluid in"
45146,"intake from vicu"
45149,"phresis intake"
45150,"quick mix tpn"
45151,"Pulmonary"
45154,"Free H20 bolus"
45155,"ns cc/cc replacement"
45156,"10meq k+/100"
45157,"ca+ gtt for cvvh"
45159,"ER IV NS"
45160,"novasource"
45161,"D5W & 3 AMP BICARB"
45162,"incision drg"
45163,"thoracentecis"
45164,"HepB Immune Globulin"
45165,"Chest wound"
45166,"Groin"
45168,"free water bolous"
45169,"protonix drip"
45170,"promote/fib/beneprot"
45171,"FLOOR INTAKE IV"
45172,"40meq KCL/500ml NS"
45173,"FLOOR UOP"
45176,"NOVASOURCE/PULMONARY"
45177,"Nepro 3/4 w/Bene 75g"
45179,"ACETYLCYSTEINE GTT"
45180,"ct gent gtt"
45182,"ns ivfin ed"
45183,"ED"
45184,"mannitol 20%"
45185,"3/4 str promote/fibr"
45186,"Insulin carrier"
45187,"PCA carrier"
45189,"Baracat"
45191,"F5"
45195,"NOVASOURCE"
45197,"dye"
45200,"Novasource"
45203,"Gent chest irrigant"
45206,"D5W & 3 AMP BICARD"
45207,"dye first cath"
45208,"NS thru portal cath"
45211,"mannitol 50 grams"
45213,"cath lab contrast"
45214,"OR cellsaver"
45216,"Mannitol 25GM"
45217,"7.7meq NaAcetate/H20"
45218,"JT leakage"
45220,"ns w/40 KCL"
45223,"bowel prep"
45224,"NA PHOSPHATE 15MMOL"
45225,"bag"
45226,"NA Phosphate 30mmol"
45228,"GI unit Intake"
45230,"medical floor ivf"
45232,"bladder pres. saline"
45233,"peripad count."
45236,"Sim30 w Polycose NG"
45237,"Sim30 w Polycose PO"
45239,"iv upon arrival"
45241,"3/4 str UltraCal"
45244,"PO Fluids"
45249,"QUINIDINE GLUCONATE"
45253,"ER COLLOIDS"
45265,"CONTRAST via NG"
45268,"CALCIUM FOR CVVHD"
45271,"Chucks Pad Weight"
45273,"SC33 NG"
45274,"SC33 PO"
45275,"Bumetanide"
45276,"Pantroprazole"
45279,"3/4 Strg Nepro"
45282,"D5W 150MEQ BICARB"
45286,".9%NS w/30mml NaPhos"
45287,"lt groin site"
45288,"rt & lt groin sites"
45289,"ivf on floor"
45290,"na+phos 15mmol"
45292,"IVPPI"
45293,"15 mmol naphos/NS"
45297,"SC 31 po"
45298,"ED NS"
45300,"Na Acetate +.05 hep"
45302,"acetylcysteine"
45303,"NA PHOS  0mmol"
45305,"500NS & KPhos 30mmol"
45308,"left knee aspirate"
45310,"redi cat"
45311,"colyte"
45312,"pheresis net bal"
45313,"BARICAT"
45314,"Neosure 26 cal po"
45315,"neosure 26cal ng"
45317,"or cryoprecipate"
45318,"or plasmalyte"
45319,"REDICAT for CTabd"
45320,"NaAce+1/2Hep"
45321,"LR w/50meqNAacetate"
45322,"NS Insulin Carrier"
45323,"Pulmonary TF"
45325,"NaAc+NaCl+H20"
45326,"from cc7"
45329,"NA ACETATE W/ HEP"
45330,"Neosure30"
45331,"Neosure30 pg"
45333,"Glucagon infusion"
45334,"Neosure32 PG"
45335,"Neosure32 PO"
45336,"scf 30 gavage"
45339,"CT instill-> talc"
45346,"DYE IV contrast CT n"
45347,"Banana Bag"
45348,"NA PHOS (15MMOL)"
45349,"TPN D11.5"
45350,"NA bicarb"
45352,"CA GLUC for CVVH"
45353,"KCL for CVVH"
45354,"OR Cryoprecipitate"
45355,"OR Plasyalyte"
45358,"d5ns with 40 meqkcl"
45359,"d10 1/2 NS"
45360,"DEXTROSE 25%"
45362,"30mmol Phos/44meq K"
45363,"KPhos 15mmol/250D5W"
45364,"SC32"
45369,"Mucamyst iv."
45370,"REPLETE/FIBER"
45371,"D10W+2meq NaAcetate"
45372,"ERCP IV intake"
45373,"Jevity (TF)"
45374,"D5NS 40K"
45375,"golytely prep"
45376,"D5W 15mM Phos/22MEQK"
45377,"PACU IN"
45378,"Angiography Intake"
45379,"OR CELL Saver"
45380,"GOLYTLE"
45381,"replete with fiber"
45382,"NA phos"
45383,"NSw/sodium phos15mmo"
45384,"SSC 26"
45385,"NUTREN PUL 2/3st mvi"
45386,"Similac 26"
45387,"Glucagon 25mg/250"
45388,"H20+7.7meqNaAcetate"
45389,"3/4st nepro/benefibr"
45390,"Liquid SSC28"
45391,"SSC26"
45392,"SSC 28"
45393,"ED cryst"
45394,"Sodium Phosphate30mm"
45395,"NG CONTRAST"
45397,"KAYEXALATE"
45398,"LACTULOSE PR"
45399,"SSC 30"
45400,"SSC30 PO"
45401,"SSC30"
45403,"albumin"
45404,"NS with 30mm Na Phos"
45406,"Replete w/ fiber"
45407,"SC30FeNG"
45409,"SC32 w/BP"
45410,"10% Dextran 40"
45414,"PARACENTISIS"
45416,"Cath Lab EBL"
45423,"VAC LEFT GROIN"
45424,"VAC RIGHT GROIN"
45425,"chest vac"
45426,"PD 1.5% Dextrose"
45427,"PD 2.5% Dextrose"
45428,"IVF Farr 10"
45429,"PO Farr 10"
45430,"potassium Chl 40meq"
45431,"sodium phos 15mmol"
45432,"26 cal po"
45433,"SC 26cal pg"
45434,"Pedialyte"
45442,"SC32 benoprotein"
45443,"SSC 30 PG"
45444,"SSC 30 PO"
45445,"SC26 po"
45446,"SSC 28 ng"
45447,"SSC28 ng"
45448,"Nutren"
45449,"SW with Na acetate"
45450,"SSC26 ng"
45451,"SSC26 po"
45452,"SSC28po"
45453,"Nutramigen 26 PO"
45454,"SC34+BP"
45455,"SSC28 NG"
45457,"SSC26 PG"
45458,"SSC26 PO"
45459,"SSC28"
45465,"ns w/15mm of na.phos"
45466,"sod.phos. 15mmol/250"
45467,"SC28 PO"
45469,"SC30 PG"
45470,"SC30pg"
45471,"SC30 po"
45472,"SC30PO"
45473,"SC26 NG"
45474,"SC26 pg"
45475,"SSC 28 PO"
45476,"Versed 20mg/50ml D5"
45478,"Ca"
45480,"500cc ns bolus"
45481,"Mucamyst."
45482,"Nutramigen 22 PG"
45483,"Nutramigen 22 PO"
45486,"Hemo"
45488,"ssc26"
45490,"ssc26 ng"
45491,"ssc26 po"
45492,"SW with Na Acetate"
45495,"Peptamen VHP"
45497,"Replete with Fiber"
45498,"NA PHOSPHATE 30MMOL"
45499,"amphotercin 25mg"
45500,"THORACASENTESIS"
45502,"SC 28 NG"
45503,"SC 26 Liquid, NG"
45504,"SC 26 Liquid, PO"
45505,"3/4 str nutrin"
45506,"7.7meqNaacetate"
45507,"SC26 ng"
45508,"Similac SC 26"
45510,"Fleet Enema"
45511,"SC28 liquid, NG"
45513,"SC28 liquid,PO"
45514,"SC28 liquid, PO"
45515,"Replete with fiber"
45516,"SC30 PO"
45519,"SC26liq"
45520,"Midazolam(Versed)"
45521,"SC28liq ng"
45522,"SC 30 liq NG"
45531,"SC 26 NG"
45532,"IR Lactated ringers"
45534,"Neosure 26 cal"
45535,"Sodium Phos 30mmol"
45537,"Ascites in IR"
45539,"Special Care 28"
45540,"or ascites"
45541,"Replete w/Fiber TF"
45542,"IR Intake"
45543,"NaAcetate via UAC"
45544,"replete full strengh"
45563,"KETAMINE 200mgm 50ML"
45564,"SSC28NG"
45565,"FARR 10 intake"
45566,"Special Care 26"
45567,"LACTULOSE/Kayexalate"
45569,"SSC 26 NG"
45571,"SSC30 NG"
45572,"Nutren 3/4str"
45573,"Ketamine 100mg/50ml"
45574,"Distal 18"
45575,"Proximal 18"
45576,"RUQ, RLQ"
45577,"Proximal 14"
45579,"SSC 26 PO"
45580,"SC 28 po"
45584,"NA Bicarb"
45586,"Sim SC26"
45587,"replete w/fiber 3/4"
45588,"Sim SC28 NG"
45589,"Sim SC28 PO"
45592,"7.7 meqs NaAcet+H20"
45593,"Calcium w/ pheresis"
45595,"Nutramigen28w/RC PG"
45596,"Nutramigen28w/RC PO"
45597,"REPLETE WITH FIBER"
45598,"Replete w/fiber FS"
45599,"SC26 PG"
45600,"SC26 PO"
45606,"SC26"
45608,"Neosure 22 cal po"
45609,"readi-cat"
45610,"G/J collection bag"
45612,"Neosure 26"
45614,"SimSC30"
45621,"30mmolNaPhos/NS"
45625,"PND8.5"
45627,"potassium 40/500"
45629,"TPND9.5"
45630,"#11 vent cap/#14 sx"
45632,"PG  Special Care 28"
45633,"NS Kphos 15mmol"
45634,"Sodium Barcarb"
45640,"#11 Vent cap/ #16"
45641,"K PHOSPHATE"
45643,"replete/fiber"
45644,"Gentamycin Irrigatin"
45646,"Angio Intake"
45647,"Gentamicin to CT"
45648,"nutren renal fs"
45649,"PO CONTRAST"
45652,"Vac dressing"
45656,"SimSC28"
45657,"Replete with Fiber."
45659,"ssc 26"
45660,"NS+ 15mmol Na Phosph"
45661,"Cyclosporine"
45662,"DYE"
45663,"Nutramigen 26"
45667,"Sim SC 26"
45668,"ED crystal"
45669,"ED FFP"
45671,"Sim SC 28"
45673,"NA ACETATE"
45674,"Bicarb  250meq/250cc"
45675,"Nutramigen 28"
45676,"IVF from metrowest"
45677,"Special Care 26 NG"
45678,"SC 26"
45680,"SSC 28 NG"
45681,"SSC 30 NG"
45682,"bladder pressure in"
45683,"SC 30"
45684,"SC 28"
45685,"SC30"
45686,"SimSC 28"
45687,"FLOLAN INFUSION"
45688,"NaAcetate+H2O+ Hep"
45689,"sc 28"
45690,"NA ACETATE+HEP+H2O"
45691,"REPLETE W/ FIBER"
45692,"D10W-4meqKCL-repogle"
45693,"Sim SC 28 PO"
45699,"ca gluconate"
45701,"pulmonary nutren"
45708,"SC26cals"
45709,"Golytley"
45710,"1/2 Nutren Pulmonary"
45713,"OR Fluid"
45714,"OR EBL"
45717,"Sp Care 28 PG"
45718,"sc30"
45719,"SC 26 pg"
45720,"SC 26 po"
45721,"SSC 30 pg"
45722,"SC 26cals"
45723,"3/4 str Replete"
45724,"SC 26 PG"
45725,"SC 26 PO"
45727,"left arm"
45728,"right arm"
45730,"Nutramigen22 PG"
45731,"SSC 30 po"
45732,"HD off"
45734,"Farr 10 iv intake"
45735,"Farr 10 po intake"
45736,"Sodium phos 15mmol"
45737,"Nut 26 NG"
45738,"Nut 26 PO"
45741,"Farr 10 u/o"
45743,"Nestle Good Start"
45744,"SC28"
45745,"Sp Care 26 NG"
45746,"Sp Care 26 PO"
45747,"floor po intake"
45748,"Neosure 22cal NG"
45751,"iv fluids on floor."
45752,"floor"
45754,"PN D8.5"
45755,"Protonix GTT"
45756,"Golytely"
45757,"SC26,NG"
45759,"SC26,PO"
45761,"TPN D6.5"
45762,"sodium phos 30mmol"
45764,"METHADONE"
45765,"Sodium phos 30mmol"
45766,"SC26+BP, NG"
45767,"SODIUM PO4"
45768,"SC 28 PO"
45769,"SC26+BP, PO"
45770,"SSC30 PG"
45771,"SC30 NG"
45772,"Mediastinal irrig"
45773,"SC28 ng"
45774,"SC28 po"
45775,"1/2 ST REPLETE/FIBER"
45776,"D5w 150meq bicab"
45777,"2/3Str Replete/Fiber"
45779,"ca gluc -20gm/500ml"
45780,"kcl - 10meq/100ml"
45781,"Sc26 po"
45782,"SSC 28NG"
45783,"SPC28"
45784,"Neocate 26 pg"
45785,"Neocate 26 po"
45787,"uo on floor"
45801,"SimSC26"
45802,"cc/cc"
45803,"SC 30 PO"
45807,"7.7meqNaAce/0.5uhep"
45808,"SC 28 pg"
45809,"SC30 Po"
45810,"Neocate24 po"
45818,"Neosure26,PO"
45819,"SC28PG"
45820,"Neocate 28 PG"
45821,"Neocate 28 PO"
45826,"SSC26 NG"
45827,"SC28PO"
45833,"ns 15mmol na phos"
45838,"PERITONEAL"
45839,"partial exchange"
45842,"SC28,PO"
45843,"Rectal"
45847,"nutren"
45848,"SSC 26 po"
45853,"Procainamide HCl"
45854,"farr 2 ivf"
45856,"PLASMA-LYTE"
45863,"Ssc30"
45865,"replete w/ fiber"
45868,"Neocate +rice cereal"
45870,"ns 1/2cc:1cc replace"
45871,"N-acetylcysteine"
45872,"tpa cc/hr"
45875,"Neocate 26 Corn Oil"
45876,"rituximab"
45878,"cellsaver"
45880,"SSC28 po"
45881,"SC 28cals PO"
45882,"Thoracic angiocath"
45885,"Pheresis Balance"
45886,"IV IG"
45887,"SC 30cals pg"
45889,"Rituximab 50mg/31.2c"
45891,"SSC25PG"
45892,"SSC26PO"
45893,"Similac SC 26 PG"
45894,"Similac SC 26 PO"
45896,"Similac SC 28 PG"
45897,"Similac SC 28 PO"
45901,"sp.care 26 cal po"
45902,"SSC30NG"
45903,"Similac SC 30 PG"
45904,"Similac SC 30 PO"
45905,"Sim 20 (Rice) NG"
45906,"Sim 20 (Rice) PO"
45907,"Sim 20 (Thick) NG"
45908,"Sim 20 (Thick) PO"
45909,"SIM 26."
45912,"R side pleuracent"
45913,"SC 28 PG"
45915,"special care 26 PG"
45916,"Special Care 26 PO"
45917,"Special Care 28 PG"
45919,"SpecialCare 26 Fe NG"
45921,"SC 26 Fe NG"
45922,"Nutren pulm"
45926,"Neocate 20"
45928,"TPN D8.5"
45929,"SpecialCare 28 PG"
45930,"TPN D13.5"
45931,"Sim 20 PO"
45934,"F2"
45935,"farr 9 intake"
45936,"SC28cals"
45937,"po SSC 26"
45938,"SpecialCare28 PG"
45939,"TPND9.5+Heparin"
45940,"7.7meq NaAcet/100cc"
45941,"50%Dextrose"
45942,"sim26"
45943,"acettlcysteine d5w"
45944,"Bari-Cat"
45945,"Special Care 28 NG"
45946,"Sim 26"
45947,"Neosure 27"
45948,"sc 28 po"
45949,"SC28 NG"
45950,"TPN D9.3"
45951,"PND6"
45953,"TPND9.3"
45954,"7.7mEq NaAcetate h20"
45955,"SC30 ng"
45956,"mvi,thiam, folic d5w"
45957,"vanco enema"
45958,"26 cal SC"
45959,"PE30 ng"
45960,"28cal SC"
45961,"PE30"
45962,"SpecialCare26 PG"
45963,"SpecialCare 30 PG"
45964,"PE 30 PG"
45965,"Neocate24 NG"
45966,"Neocate24 PO"
45967,"foley"
45969,"right CT site"
45972,"l arm abrasion"
45978,"12 reisman ivf"
45979,"NaHcO3 150meq in D5W"
45980,"ew-iv fliud"
45981,"PE26 NG"
45982,"PE 28 PG"
45983,"Pitocin/LR"
45984,"PE 30"
45985,"Kcl 40meq in 500 N/S"
45986,"PE 30 PO"
45987,"PE30 NG"
45988,"PE28 NG"
45989,"NS Fluid Bolus"
45990,"PE28 PO"
45997,"PE28 PG"
45998,"PE 28 NG"
45999,"PE 28 PO"
46002,"PE 26 cals NG"
46003,"PE 26 cals PO"
46004,"PE 26cals NG"
46005,"PE 26cals PO"
46006,"PE 26 NG"
46007,"Nutrem Pulmonary FS"
46008,"PE 26 PO"
46009,"PE32"
46010,"pantaprozole"
46011,"30 mmol kphos/500ccw"
46012,"CA GLUC CVVHDF"
46013,"KCL CVVHDF"
46014,"PANTOPRAZOLE GTT"
46015,"PE26 PO"
46016,"rt. arm bag"
46017,"PE 30 FS NG"
46019,"PE 30 NG"
46023,"VAC"
46025,"good start Fe"
46026,"1/2 Na Acetate+ Hep"
46027,"NaCl 500+Kcl 40"
46031,"POTASS PHOS 15 MMOL"
46032,"E28 (Concentrate)"
46033,"E 28 FS PO"
46036,"E26 CONCENTRATE"
46038,"FLEXISEAL"
46039,"from beverely hosp t"
46040,"7.7meqNaAcetate+Hep"
46041,"7.7 MEQ Na Acetate"
46042,"PE 28 po"
46043,"LLQ wound bag"
46045,"PE26 po"
46046,"PE28"
46047,"NA Acetate w/Heparin"
46048,"PE30 OG"
46051,"GoLYTELY"
46052,"PE26"
46053,"Kcl 40 meq in 1/2N/S"
46054,"N/S + KPO4"
46056,"PN D9.5 w/ heparin"
46057,"PE30,NG"
46061,"D5 0.45N/S+NAHCO3"
46063,"PE32, BENE PO"
46064,"pe32 + beneprotein"
46065,"MUCOMYST"
46066,"PE26cals/oz"
46067,"N/S +KCL 40MEQ"
46068,"N/S+KPO4 15MMOL"
46069,"PE 32cals"
46074,"VICU IN"
46075,"PE32 PO"
46076,"PE26 ng"
46077,"N/S +15 MMOL Na phos"
46078,"OR cell saver"
46081,"IVF ON FLOOR"
46083,"E28"
46084,"PE30 w beneprotein"
46085,"abd wound"
46086,"N/S +30MMOL KPO4"
46087,"IV PLASMOLYTE"
46088,"PE32,NG"
46089,"PE28 ng"
46090,"IV Plasmalyte"
46093,"enfacare 22 pg"
46094,"enfacare 22 po"
46095,"ABD INCIS"
46097,"Pe28 cals/oz"
46100,"TPN D10% +hep"
46101,"PE 26"
46103,"Enfacare 22 NG"
46104,"Old CT site"
46105,"2/3 str Impact with."
46106,"Enfacare28"
46109,"T3"
46110,"naAcetate7.7mEq"
46111,"PO PE28"
46112,"PE26 cal"
46113,"Pe26 + beneprotein"
46114,"enfacare 26 po"
46115,"IV Rabbit"
46116,"K PHOS, 30 MMOL"
46117,"PND13.5"
46120,"15.4meq NaAcetate"
46122,"ER in FFP"
46123,"ER in NS"
46124,"er in prbc"
46126,"1/2cc:cc repletion"
46127,"PE 26 with BP"
46133,"sterile H20 via J-T"
46138,"N/S +KCL 20MEQ"
46139,"Enfacare 26,PO"
46140,"26cal SC with BP"
46148,"Pedialyte per GT"
46149,"Enfacare 22 per GT"
46150,"Good start PO"
46151,"Good Start 20cals"
46152,"pe26 conc NG"
46153,"PE 28 cals"
46154,"PE28 po"
46155,"PE 28"
46156,"PE26 conc,NG"
46157,"PE28 conc"
46158,"PE30 PO"
46159,"PO PE26"
46160,"PE32 w/ beneprotein"
46161,"Enfacare 28 GT"
46162,"Enfacare 28 PO"
46163,"SC28with beneprotein"
46165,"PD fluid in"
46166,"iv intake- farr 9"
46167,"IV INTAKE-ANGIO"
46169,"free water bolus."
46170,"colloids in angio"
46171,"crystalloids in ango"
46172,"CVVHDF CA GLUC"
46173,"CVVHDF KCL"
46174,"Protonix gtt 8mg/hr"
46175,"K PHOS 15MM0L"
46176,"1/2 ST IMPACT"
46179,"mucous bag"
46181,"Pancr. Pigtail #1"
46192,"OR cryo"
46194,"mesan"
46196,"doxorubicin"
46197,"BUMEX"
46200,"12 resiman ivf"
46203,"pantoprazole 8mg/hr"
46205,"banana readi cat"
46206,"OR d5w"
46207,"OR LR"
46209,"EW fluids"
46211,"SSC24"
46212,"protonix 80mg/250cc"
46214,"IVPB"
46216,"D10W with heparin"
46217,"enfacare26"
46218,"enfacare26NG"
46221,"Good start"
46222,"Plasma pheresis"
46223,"potasium"
46226,"D5W w/40meq K"
46227,"go lytely"
46228,"Enfacare26 PO"
46229,"belly fluid."
46233,"i/o adjustment"
46235,"PE 32 PG"
46236,"SSC24 with BP"
46238,"paracentisis fluid"
46239,"PE30 w/Beneprotein"
46243,"H2O Flushes"
46244,"pigtail irrigation"
46245,"PE 31 PG"
46246,"PE 31 PO"
46247,"PE 32 PO"
46248,"PE28 w/Beneprotein"
46249,"R angio site"
46250,"EBL  CVVH"
46251,"SODABICARB DRIP"
46252,"CCO Bolus"
46254,"PE28 w/BP Bottle"
46256,"PE 26 w/Beneprotein"
46258,"D15 bolus"
46260,"Breast pump"
46261,"PE 26w/bp bottle"
46262,"dialysate 2.5% in"
46263,"potassium phos 15mml"
46264,"Nutramigen 22 NG"
46265,"T4"
46266,"readi-cat2"
46267,"t tibe #2 right"
46271,"H20 Na Acet and hep"
46272,"Nutramigen26 NG"
46273,"Nutramigen26 PO"
46275,"H2O/Hep/NaAcet"
46276,"PE26+polycose NG"
46277,"PE26+polycose PO"
46280,"Enfacare 26 PO"
46281,"E24 with BP NG"
46284,"Citrate"
46291,"Ca Gluconate"
46292,"CRRT Irrigation"
46293,"CRRT Citrate"
46294,"THORACENTEIS"
46296,"PE29 ng"
46297,"PE29 po"
46298,"Enfacare 26"
46299,"NA Acetate 0.5U hep."
46300,"Plasma-Lyte A"
46301,"dexmedetomidine"
46302,"1/2 Nutren Renal TF"
46305,"hemo dial ultrafil"
46308,"E 26 PO"
46311,"crrt irrigation"
46312,"nutramigen24"
46313,"6% Hespan"
46316,"Pe 30 ng"
46317,"Pe 30 po"
46318,"NaAcetate in H2O"
46319,"7 feldberg  iv"
46320,"L ARM"
46322,"Bicarb Drip"
46323,"D5W w/30mmolNaPhos"
46328,"Pe 28 po"
46330,"octreotide gtt"
46332,"SterileH20NaAcetate"
46333,"Pe 26"
46336,"10% Dextran 40/D5W"
46337,"1/2NaAcet with hep"
46338,"Enfamil 26 Po"
46339,"pe28"
46340,"Bupivicaine"
46341,"Enf28 w/polycose"
46342,"Enfacare 26 NG"
46343,"E26"
46344,"1/2NaAce + 1:1 Hep"
46346,"PND8.5 with hep 0.5u"
46349,"Vac"
46351,"E28 2cals corn oil"
46352,"VAC CHEST DRESSING"
46353,"osh ivf of ns"
46354,"phenytoin"
46355,"0.9%NS with 40KCL"
46356,"N/S + K 40 MEQ"
46357,"NSS WITH MULTIVIT"
46358,"Sodium phosphate"
46359,"NS in angio"
46360,"ivf from osh"
46361,"D5W +3 Amps NaHco3"
46362,"bicarbonate"
46363,"na acetate w/ hep"
46364,"KPo4 30mmol /NS"
46369,"vac cannister"
46383,"D5W/0.9NS with meds"
46384,"plasma pheresis in"
46385,"Enf 28 2mct"
46386,"Enf 28 2cal corn oil"
46387,"Enfacare26"
46389,"CRRT FLUSH"
46390,"N/S  K PHOS 30MMOL"
46391,"7.7MEq NaAcetate"
46392,"NA Acetate/H2O"
46393,"PE 26 cal"
46397,"Neosure 22"
46400,"fld bolus"
46404,"crystalloid from f10"
46406,"ed crystalloids"
46407,"ED PRBC"
46410,"angio FFP"
46411,"Nutramigin 26 NG"
46412,"Nutramigin 26 PO"
46413,"peritoneal puncture"
46417,"citrate"
46418,"ER ffp"
46419,"H20/NA ACETATE/HEP"
46420,"PE26 PG"
46421,"PE 26cals"
46422,"rescue line flush"
46423,"ed foley"
46427,"N/S + VINCRISTINE"
46428,"N/S +ETOPOSIDE"
46429,"sodium phosphate 15m"
46430,"Open ABD wound"
46431,"1/2 NaAce w1/2 uHep"
46432,"7.7 meq NaAcetate"
46434,"Na Acetate with hep"
46436,"U/O /kg/hour"
46438,"PE26NG"
46439,"7.7meqNaAc w1/2uhep"
46440,"PE26PO"
46442,"TPN D5.5"
46443,"PE 26cal"
46445,"PO PE 30"
46447,"PN D9.5"
46448,"PN D 8.5"
46451,"15.4 mEq Na Acetate"
46453,"potassium 10/100"
46455,"D5W +NaHcO3"
46457,"Golytely bowel prep"
46458,"PN D 11.5"
46460,"ACD-A"
46461,"1/2CC/CCJT REPLETION"
46462,"collection bag"
46465,"PE32 NG"
46467,"Kphos 30mmol/44 mEq"
46470,"Pe28"
46472,"pe28 ng"
46476,"TPN D 8.5"
46477,"pe26"
46481,"15mmol NaPhos."
46482,"NSS WITH 40 MEQ KCL"
46483,"7.7meq naAcetate"
46484,"verapamil"
46486,"StarterPN D10 w/ Hep"
46487,"PE 26 ng"
46488,"PE 28 cals NG"
46490,"Contrast Dye"
46491,"PE 30 ng"
46492,"Dexmedetomide"
46493,"RESCUE LINE"
46494,"IR cerbral Fluid"
46495,"IR EBL"
46496,"kcl 10/100ml"
46497,"Rectal EBL"
46498,"good start formula"
46499,"Enfacare 22"
46500,"7.7meqNaAcetate"
46501,"H2O Bolus"
46508,"SW with 1/2 Na Ace"
46509,"Tap Water Enema"
46511,"Barium"
46514,"PE26 cal PG"
46515,"PE26cal pg"
46516,"rescue flush"
46517,"NS 4mEQ Ca/100 + Hep"
46518,"NS 4mECa .5K+ .5Hep"
46521,"Isoproterenol"
46522,"Pantoprazole 8mg/hr"
46524,"ED CRYSTALLOID"
46528,"Floor PO's"
46529,"Floor crystalloid"
46530,"Floor FFP"
46534,"Blake"
46536,"CT Contrast"
46538,"PD solution in"
46540,"Acetylcystein"
46543,"Acetylcysteine mg/hr"
46546,"D10, 1/2NS"
46547,"rescue"
46548,"Pantoprazole gtt"
46549,"Rescue Line"
46550,"K+ Phos 30mmol"
46553,"catrh lab ivf"
46554,"Bumex"
46559,"pantaprazole"
46560,"Octrietide"
46561,"TPA MG/HR"
46562,"NAPO4"
46564,"Albumin"
46565,"pantoprazole mg/hr"
46566,"abcess"
46567,"anastomosis leak"
46569,"KCL 10meq/100ml"
46570,"vassopressin"
46572,"1/2 str Impact"
46574,"CRRT rescue line NS"
46577,"MULTIVITAMIN BAG"
46582,"Nutren pulm w/Bene"
46583,"tranexamic acid"
46585,"D5W with 150MEQ HCO3"
46588,"Rescue line"
46589,"1/2cc:cc 0.45% NS"
46590,"Gastrografen"
46591,"calcuim gluconate"
46592,"soduim bicarbonate"
46593,"MULTIVIT ""BANANA""BAG"
46594,"groin bag"
46595,"left arm bag"
46596,"left arm bag #1"
46597,"left arm bag #2"
46598,"right arm bag #1"
46599,"OR Cell Saver"
46600,"OR Plasmalyte"
46602,"Sodabicarb Drip"
46603,"Sodium Citrate ml/hr"
46606,"ORAL SECRETION"
46608,"K PHOS 15MMOL"
46609,"bupivacaine"
46610,"Contrast"
46611,"POTASSIUM CHLOR 10MQ"
46612,"E.R. prbc"
46617,"Plasmalyte A"
46624,"Anti-thymocyte Glob"
46625,"octreotride"
46630,"D10NSS"
46632,"rescue line"
46633,"KCL 10mmol in 100sw"
46634,"EP lab intake"
46635,"RESCUE FLUSH"
46636,"CITRATE DEXTROSE 3%"
46639,"pre arrival ivf"
46641,"ANGIO INTIAKE"
46643,"ns/40kcl"
46644,"D5W & 150 MEQ NAHCO3"
46651,"citrate dextrose"
46653,"Flush Pack"
46654,"Flexiseal Irrigant"
46659,"Aline Site"
46660,"sodiumphosphate15mmo"
46662,"Right Shoulder"
46665,"citrate gtt"
46668,"0.45%ns + 20 meq kcl"
46669,"0.45%NS +40meq kcl"
46670,"0.45% + 60 MEQ KCL"
46671,"D50.45%NS + 60MQ KCL"
46674,"30mmol NaPhos"
46677,"Flush"
46679,"KCL 10 MEQ"
46680,"Kphos 15 mmol"
46681,"CRRT Rescue Flush"
46682,"K Phos 15mmol"
46683,"Bile refeeding via J"
46684,"ER FFP"
46686,"resue flush"
46687,"acetylcystein"
46688,"Floor NS Bolus"
46689,"30mmol Na Phos/D5W"
46690,"bumetanide"
46691,"Rescue Flush"
46692,"isoproterenolmcg/min"
46693,"prismasate"
46694,"Abdominal VAC"
46697,"Right Hand."
46698,"O.R. ASCITES"
46699,"rt groin site"
46700,"rt. fem site"
46706,"Banana bag"
46707,"blakemore"
46708,"NS rescue flush"
46714,"Filter flush - NS"
46717,"NS with Sodium Phos"
46720,"PD Dialysate"
46725,"Methadone"
46726,"Oral"
46729,"Dextran"
46730,"citrate/ACD"
46731,"kcl 10meq/100cc"
46736,"ER intake NS"
46747,"Citrate Dextrose 3%"
46749,"D5W/150MEQ NA BICARB"
46750,"KCL 40 MEQ IN 500MLS"
46753,"flushback"
46754,"net pheresis intake"
46758,"OR Intake"
46762,"ED UOP"
46765,"Replete w/Fib w/prot"
46769,"cvvdh rescue line"
46770,"OSH IVF"
46771,"Ethacrynate Sodium"
46772,"3%CITRATE DEXTROSECF"
46773,"CVVHD NS line flush"
46774,"Sodabicarb Drip."
46776,"lactulose"
46777,"ir intake"
46778,"K-Phos"
46781,"lr bolus"
46783,"15mm k phos"
46785,"ct insertion site"
46789,"3/4st impact/fiber"
46790,"kcl 10 meq/100 ml  0"
46791,"citrate infusion"
46792,"Plasmalyte-A"
46795,"NS Filter Flush"
46797,"antithymocyteglobuli"
46798,"3% citrate"
46800,"NS RESCUE"
46802,"Farr 5 IV"
46803,"Farr 5 po"
46805,"Farr7"
220862,"Albumin 25%"
220864,"Albumin 5%"
220949,"Dextrose 5%"
220950,"Dextrose 10%"
220952,"Dextrose 50%"
220970,"Fresh Frozen Plasma"
221036,"Nutren Renal (Full)"
221207,"Impact (Full)"
225158,"NaCl 0.9%"
225159,"NaCl 0.45%"
225161,"NaCl 3% (Hypertonic Saline)"
225168,"Packed Red Blood Cells"
225170,"Platelets"
225171,"Cryoprecipitate"
225173,"Cell Saver"
225174,"Hetastarch (Hespan) 6%"
225795,"Dextran 40"
225797,"Free Water"
225799,"Gastric Meds"
225801,"Lipids 20%"
225823,"D5 1/2NS"
225825,"D5NS"
225827,"D5LR"
225828,"LR"
225830,"Multivitamins"
225916,"TPN w/ Lipids"
225917,"TPN without Lipids"
225920,"Peripheral Parenteral Nutrition"
225928,"Impact with Fiber (Full)"
225929,"ProBalance (Full)"
225930,"Peptamen 1.5 (Full)"
225931,"Nutren 2.0 (Full)"
225934,"Vivonex (Full)"
225935,"Replete (Full)"
225936,"Replete with Fiber (Full)"
225937,"Ensure (Full)"
225941,"D5 1/4NS"
225943,"Solution"
225944,"Sterile Water"
225991,"Resource Fruit Beverage"
225994,"Mighty Shake (Vanilla/Strawberry)"
225995,"Mighty Shake (Chocolate)"
225996,"Mighty Shake (no sugar added)"
226016,"Nutren 2.0 (1/4)"
226017,"Nutren 2.0 (2/3)"
226019,"Nutren 2.0 (1/2)"
226020,"Impact (1/4)"
226021,"Impact (2/3)"
226022,"Impact (3/4)"
226023,"Impact (1/2)"
226024,"Impact with Fiber (1/4)"
226026,"Impact with Fiber (3/4)"
226027,"Impact with Fiber (1/2)"
226028,"Nutren Renal (1/4)"
226030,"Nutren Renal (3/4)"
226031,"Nutren Renal (1/2)"
226036,"Peptamen 1.5 (1/4)"
226038,"Peptamen 1.5 (3/4)"
226039,"Peptamen 1.5 (1/2)"
226044,"Replete (1/4)"
226045,"Replete (2/3)"
226046,"Replete (3/4)"
226047,"Replete (1/2)"
226048,"Replete with Fiber (1/4)"
226049,"Replete with Fiber (2/3)"
226050,"Replete with Fiber (3/4)"
226051,"Replete with Fiber (1/2)"
226058,"Vivonex (3/4)"
226059,"Vivonex (1/2)"
226089,"Piggyback"
226361,"Pre-Admission Intake"
226363,"Cath Lab Intake"
226364,"OR Crystalloid Intake"
226365,"OR Colloid Intake"
226367,"OR FFP Intake"
226368,"OR Packed RBC Intake"
226369,"OR Platelet Intake"
226370,"OR Autologous Blood Intake"
226371,"OR Cryoprecipitate Intake"
226372,"OR Cell Saver Intake"
226375,"PACU Crystalloid Intake"
226376,"PACU Colloid Intake"
226377,"PACU PO Intake"
226452,"PO Intake"
226453,"GT Flush"
226875,"Ensure (3/4)"
226877,"Ensure Plus (Full)"
226880,"Nutren Pulmonary (Full)"
226881,"Nutren Pulmonary (3/4)"
226882,"Nutren Pulmonary (1/2)"
227070,"PACU Packed RBC Intake"
227071,"PACU Platelet Intake"
227072,"PACU FFP Intake"
227091,"Ensure (1/4)"
227370,"Peptamen VHP (Full)"
227518,"Nutren 2.0 (3/4)"
227522,"KCL (Bolus)"
227523,"Magnesium Sulfate (Bolus)"
227528,"ACD-A Citrate (500ml)"
227529,"ACD-A Citrate (1000ml)"
227530,"IV Immune Globulin (IVIG)"
227532,"Plasma Pheresis"
227533,"Sodium Bicarbonate 8.4% (Amp)"
227695,"Fibersource HN (Full)"
227696,"Fibersource HN (3/4)"
227698,"Fibersource HN (1/2)"
227699,"Fibersource HN (1/4)"
227973,"NovaSource Renal (1/2)"
227974,"NovaSource Renal (3/4)"
227975,"NovaSource Renal (Full)"
227976,"Boost Glucose Control (1/4)"
227977,"Boost Glucose Control (1/2)"
227978,"Boost Glucose Control (3/4)"
227979,"Boost Glucose Control (Full)"
228131,"Isosource 1.5 (1/2)"
228132,"Isosource 1.5 (1/4)"
228133,"Isosource 1.5 (2/3)"
228134,"Isosource 1.5 (3/4)"
228135,"Isosource 1.5 (Full)"
228140,"Dextrose 20%"
228141,"Dextrose 30%"
228142,"Dextrose 40%"
228341,"NaCl 23.4%"
228348,"Nepro (1/2)"
228351,"Nepro (Full)"
228356,"Glucerna (1/2)"
228359,"Glucerna (Full)"
228361,"Pulmocare (1/4)"
228363,"Pulmocare (Full)"
228364,"Two Cal HN (1/2)"
228367,"Two Cal HN (Full)"
228383,"Peptamen Bariatric (Full)"
